list_name,name,label,label::Dari,label::pash,province,district
yesno,yes,Yes,???,??,,
yesno,no,No,????,?? ???,,
gender,male,Male,??? ,??????,,
gender,female,Female,??,?????,,
yesnodont,yes,Yes,??? ,??,,
yesnodont,no,No,????,??,,
yesnodont,dont_know,Don't know,??????? ,?? ??????,,
yesnodp,yes,Yes,??? ,??,,
yesnodp,no,No,????,??,,
yesnodp,dont_know,Don't know,??????? ,?? ??????,,
yesnodp,prefer_not,Prefer not to answer,????? ????? ?? ???? ?????,?? ????? ???? ?????,,
migrant,idp,IDP (displaced less than 6 months),????? ??? ???( ???? ?? 6 ???),????? ?????? ??? (?????? ??? ?? ?? 6 ?????? ?? ??? ???? ??? ??),,
migrant,prolong,Prolonged IDP (displaced between 6 months and 2 years),????? ??? ??? ???? ?????( ??? 6 ??? ??? 2 ???),???? ????? ????? ?????? ??? (?? ? 6 ?????? ?? 2 ?????? ?? ??? ?? ?????? ??? ??),,
migrant,protract,Protracted IDP (displaced more than 2 years),????? ??? ??? ???? ?????( ????? ?? 2 ???),???? ????? ????? ?????? ??? (?? ? ?????? ???? ???? ?? ?? 2 ?????? ??? ????? ??),,
migrant,refugee,Refugees,??????? ,???????,,
migrant,returnee,Returnees,???? ????? ,??????? ??? ,,
migrant,economic,Economic migrants (those moving in order to find work),?????/ ????? ???  ??????? (??????? ???? ?????? ??? ????? ????),??????? ?????? ??? (??? ??? ?? ? ??? ???????? ?? ???? ?????? ???),,
migrant,nomad,Nomads (e.g. Kuchi),???? ???? ?? ,??????,,
country,iran,Iran,????? ,?????,,
country,pakistan,Pakistan,???????,???????,,
country,tajikistan,Tajikistan,????????,????????,,
country,turkey,Turkey,?????,?????,,
country,turkmenistan,Turkmenistan,?????????,?????????,,
country,uzbeckistan,Uzbekistan,??????????,????????,,
country,other,Other,????,???,,
ethnicity ,aimaq,Aimaq,????? ,?????,,
ethnicity ,arab,Arab,???,???,,
ethnicity ,baloch,Baloch,????,????,,
ethnicity ,hazara,Hazara,?????,?????,,
ethnicity ,nuristani,Nuristani,???????? ,????????,,
ethnicity ,jat,Jat,??,??,,
ethnicity ,jogi,Jogi,????,????,,
ethnicity ,pashtun,Pashtun,?????,?????,,
ethnicity ,pashayee,Pashayee,??? ??,??? ??,,
ethnicity ,tajik,Tajik,????,????,,
ethnicity ,turkmen,Turkmen,?????,?????,,
ethnicity ,uzbek,Uzbek,??????,????,,
ethnicity ,other,Other,????,???,,
pak_prov,balochistan,Balochistan,????????,????????,,
pak_prov,khyber_p,Khyber Pakhtunkhwa,??? ????????? ,???? ????? ???,,
pak_prov,punjab,Punjab,?????,?????,,
pak_prov,sindh,Sindh,???,???,,
pak_prov,azad_jammu,Azad Jammu & Kashmir,???? ??? ? ?????,???? ??? ?????,,
pak_prov,gilgit_b,Gilgit-Baltistan,????? ???????,????-????????,,
pak_prov,islamabad,Islamabad Capital Territory,????? ???? (????),????? ???? ???????? ,,
iran_prov,ardalan,Ardalan,??????,???????,,
iran_prov,azerbaijan,Azerbaijan,??????????? ,?????????,,
iran_prov,baluchestan,Baluchestan,????????,????????,,
iran_prov,fars,Fars,???? ,????,,
iran_prov,gilan,Gilan,?????,?????,,
iran_prov,mazandaran,Mazandaran,????????,?????????,,
iran_prov,araq_e_ajam,Araq-e Ajam,???? ??? ,?????? ???,,
iran_prov,khorasan,Khorasan,??????,???????,,
iran_prov,khuzestan,Khuzestan,????????,???????,,
iran_prov,kerman,Kerman,?????,?????,,
iran_prov,larestan,Larestan,??????,????????,,
iran_prov,lorestan,Lorestan,???????,????????,,
pushpull,intimidate,Intimidation and harassment by host community/local authorities,????? ?? ?????? ???? ????? ?????? ?? ?????? ????,? ????? ????? ?? ???? ???? ??????? ???? ????? ?? ??????,,
pushpull,land_dispute,Land dispute forced them off land / shelter,?????? ?? ???? ???? ?? ????? ?? ??? ????  ?? ?????? ???,? ???? ?? ?? ???? ?? ?? ?? ??? ?? ??????,,
pushpull,no_work,No work opportunities available here,??? ????? ??? / ????? ??? ????? ????? ????,???? ??? ? ??? ??????? ????,,
pushpull,join_family,Moving to be with family / friends,??? ???? ?? ???? ???? ??? ?? ????? ?? ??????,?? ? ???? ????? ?? ??????? ??? ????? ??,,
pushpull,better_security,Better security where they are moving,??? ???? ?? ???? ????? ????,???? ????? ?? ??,,
pushpull,better_service,Better access to services where they are moving,??? ???? ?? ???? ?????? ???? ????? ,???? ?????? ?? ?????? ???? ???,,
pushpull,better_job,Better opportunity for jobs,???? ???? ???? ???? ???? ???,?? ???? ??????? ,,
pushpull,other,Other ,????,???,,
info_source,government,Government,?????,? ???? ?? ???,,
info_source,comm_leader,Community or religious leaders,?????? ????? ?? ?????? ?????,? ????? ?? ????? ?????? ?? ???,,
info_source,un_ngo,"UN, NGOs or INGOs","??? ???? ? ???? ????? ? ???? ??? ?????? ","????? ??????? ???????? ????????? ?? ?????? ???????? ?????????",,
info_source,media,"Media (TV, radio)",????? ?? ( ????? - ???????),"???? (????????? ?????)",,
info_source,text,Text message alerts,???? ??? ????? ,? ???/????? ?? ????,,
info_source,health_worker,Healthcare workers,???????? ??? ,? ???????? ????????? ?? ????,,
info_source,fam_friend,Family and friends,????? ? ?????? ,? ????? ?? ??????? ?? ???,,
info_source,other,Other,????,???,,
prevention,handwash,Wash hands frequently,???? ????? ????? ???,?? ?????? ??? ?????? ????????,,
prevention,distancing,Practice physical distancing ,????? ????? ,????? ????? ????? ???,,
prevention,isolate,Self-isolate if experiencing symtoms,??????? ???? ?? ???? ???? ?????,? ?????? ?? ???? ?? ??? ?????? ???,,
prevention,masks_ifsick,Wear masks and gloves if experiencing symptoms,?????? ???? ? ????? ?? ???? ???? ?????,? ?????? ?? ???? ?? ? ???? ?? ????? ??????,,
prevention,masks ,Wear masks and gloves in general,????? ???? ?????? ???? ? ????? ,?? ???? ?? ? ???? ?? ????? ??????,,
prevention,no_face,Do not touch your face,?? ???? ??? ??? ????? ,"?? (????? ???? ?? ????? ??) ? ??? ?? ???",,
prevention,no_gather,Avoid large crowds and gatherings,?? ?????? ??? ???? ????,? ??? ???? ??? ?? ?? ??,,
prevention,other,Other,????,???,,
prevention,none,None,??????? ,???,,
symptom,cough,Cough,???? ,????,,
symptom,mucous,Runny nose,???? ??? ?? ?? ???? ,?????,,
symptom,fever,Fever,?? ,???,,
symptom,breathing,Breathing difficulties,?????? ????? ,??? ????,,
symptom,vomiting,Vomiting,??????? ,????? ???,,
symptom,fatigue,Fatigue,?????,?????/?????,,
symptom,dont_know,Don't know,??????? ,?? ??????,,
symptom,other,Other ,????,???,,
covid_action,stay_home,Stay home but still interact with household members,"????? ?? ???? ????  ?? ????? ??????? ?? ????? ?????",?? ??? ?? ???? ???? ??? ? ????? ? ??? ??? ?????/???? ???,,
covid_action,isolate,Self-isolate from household members,??????? ???? ?? ????? ????? ,? ????? ? ??? ??? ??? ??? ???/?????? ???,,
covid_action,self_meds,Self-medicate,????? ???? ,?? ???? ? ??? ?????? ???,,
covid_action,speak_leader,Speak to a religious or community leader,???? ???? ?? ?????? ????? ?????,????? ?? ? ????? ?? ??? ??? ???? ???,,
covid_action,pharm_hosp,"Go to a pharmacy, doctors office or hospital","???? ?? ??????? ?  ?????? ???? ??? ????? ? ???????","???????? ???????? ?? ?????? ?? ??",,
covid_action,trad_healer,Go to a traditional / local healer,???? ??? ?? ???? ??? / ?????? ???? ,?????/???? ???? ?? ??,,
covid_action,none,"Nothing, continue daily life as normal",????? ????? ?????? ?? ??? ?????? ,"??? ??? ??? ???? ???? ?? ????? ?????",,
covid_action,other,Other (specify),????,??? (???? ?? ???),,
covid_action,dont_know,Don’t know,??????? ,?? ??????,,
popn_group,females,"Yes, women and girls",???/???? ? ?????? ,"??? ??? ?? ??????",,
popn_group,males,"Yes, men and boys",???/ ????? ? ?????,"??? ??? ?? ?????",,
popn_group,children,"Yes, children",???/ ????? ,"??? ???????",,
popn_group,elderly,"Yes, elderly persons",???/ ?????? ??? ?? ,"??? ????? ??? (???? ????)",,
popn_group,chronic_ill,"Yes, people with chronic illness",???/ ????? ????,"??? ??? ??? ?? ????/????? ?????? ???",,
popn_group,disabled,"Yes, people living with disabilities",???/ ????? ????? ,"??? ??? ??? ?? ??????? ???",,
popn_group,returnee,"Yes, returnees",???/ ???? ????? ??? ,"??? ??????? ??? ?????",,
popn_group,minorities,"Yes, minority ethnic groups",??? / ????? ?????,"??? ????? ??????",,
popn_group,other,"Yes, other ",???/ ????,"??? ???",,
popn_group,none,"No, no-one","????? ??????? ","??? ??? ??",,
discriminate,evicted_hh,Evicted from the household,?? ???? ????? ??,?? ??? ??? ??? ???,,
discriminate,evicted_iset,Evicted from the settlement,?? ???? ????? ???,?? ??? ??? ???,,
discriminate,denied_finance,Denied financial means and access to employment,??? ???? ? ?????? ?? ?????? ?? ?? ????,???? ?????? ?? ??? ?? ?? ?????? ??? ??? ???,,
discriminate,denied_services,Denied access to basic services i.e. education or healthcare,?????? ?? ????? ?????  ??? ??(???? ?? ?????? ??? ???????),"?????? ??????? ?? ?? ?????? ??? ??? ??? ? ????? ?? ????? ??? ??? ?? ?????? ?????",,
discriminate,harrass_verbal,Experienced harassment and VERBAL abuse in public,???? ? ???? ? ?????????? ???? ?? ???? ???,? ???? ?? ??? ????? ??? ?? ?? ??????????? ??? ?? ???,,
discriminate,harass_physical,Experienced harassment and PHYSICAL abuse in public,???? ? ???? ? ?????????? ?????? ?? ???? ??? ,?? ????? ??? ? ???? ?? ??? ??? ??? ?? ?? ????? ??????????? ??? ?? ???,,
discriminate,domestic_abuse,Experienced domestic abuse,????? ??????,?? ?????? ?????????? ??? ?? ??? ,,
discriminate,other,Other ,????,???,,
return_challenge,country_return,"Yes, based on country from which they returned","???? ????? ????? ?? ?? ?? ??? ?????","??? ? ????? ?? ???? ? ??? ??? ?? ??? ??????? ???",,
return_challenge,age,"Yes, based on age","???? ?? ???? ??","??? ? ??? ?? ????",,
return_challenge,health,"Yes, based on health condition (showing cough, fever or other coronavirus symptoms)","???? ?????? ????? ??? (???? ???? ???? ? ?? ?? ???? ????? ??????????)","??? ? ???????? ????? ?? ???? (????? ??? ?? ? ????? ????? ???? ??? ????? ???????)",,
return_challenge,other,"Yes, for other reasons","??? ? ?? ????? ????","??? ? ???? ?????? ?????",,
return_challenge,none,No challenges,???? ???? ?????,?????? ????,,
covid_group,youth,Youth Group,???? ??????,? ??????? ???? (???) ,,
covid_group,womens,Womens Group,???? ????,? ??? ???? (???) ,,
covid_group,faith,Faith group,???? ?????/??? ???/???? ????,? ?????? ???? (???),,
covid_group,other,Other,????,??? ,,
handwash,private,At home (private sink),?? ???? ( ?????? ????),?? ??? ?? (???? ??? ???????? ???/??? ???),,
handwash,public_facility,"Community facility (e.g. school, health centre)","????? ??????? (???? ????? ?? ?? ???? ? ????)","?????? ????? (??? ??????? ???????? ???? ?? ???? ???)",,
handwash,public,"Public source (handpump, tap, etc)","????? ?? ???? (???? ????? ?? ? ????)","????? ?????? (???? ???? ????? ?? ???? ???)",,
handwash,open,"Open source (stream or pond, etc.)","???? ??? ??? (??? ? ???)",????? ?????? (????? ?? ???),,
handwash,other,Other,????,???,,
wash_device,sink,Sink with tap water,?????? ????? ?? ?? ,??? ??? ?????? ??? ???,,
wash_device,buckets_hose,Buckets with taps,??? ?? ??,??? ??? ?????? ???? ?? ??????,,
wash_device,tippy,Tippy tap,?? ?????,????? (????) ????/ ?? ?? ?? ?????? ?? ??? ?? ??? ? ?? ????? (???? ????? ???? ????),,
wash_device,handpump,Public handpump ,???? ???? ?????,????? ???? ???,,
wash_device,other,Other,????,???,,
wash_device,dont_know,Don't know,??????? ,?? ??????,,
water_source_type,pump_private,Hand pump (pumped well) - private,???? ???? (???)- ???? ,???? ??? (??? ???? ????)-????,,
water_source_type,pump_public,Hand pump (pumped well) - public,???? ???? (???)- ?????,???? ??? (??? ???? ????)-?????,,
water_source_type,pipe,Piped water - public,?? ?? ?????,? ?? ???? -?????,,
water_source_type,well_protect,"Spring, well, or kariz - protected","???? ? ???  ?? ????? - ?????","????? ???? ????? - ?? ?? ?? ?? ??",,
water_source_type,well_unprotect,"Spring, well, or kariz - unprotected","???? ? ???  ?? ????? - ??? ?????","????? ???? ????? - ?? ?? ?? ?? ?? ??",,
water_source_type,surface,Surface water (stream/river/irrigation),"?? ??? ?????( ??? ? ???? ???????) ",???? ???? (?????/????/? ??????? ????),,
water_source_type,trucking,Water trucking / tanking, ????? ??,? ???? ???/ ?????,,
water_source_type,other,Other,????,???,,
water_barrier,busy,Long line/wait to access waterpoint,?? ?????? ????? ?????? / ?????? ???? ?????? ??,???? ???/ ?????? ??? ???? ? ???? ?????? ?? ?????? ???,,
water_barrier,unpleasent,Unpleasant colour/taste/smell of water,"???? ???? ??? ?? ??????? ??","? ???? ???? ???? ?? ???",,
water_barrier,low_capacity,Waterpoint has low capacity (runs out of water often),???? ?? ????? ????? ???? ( ???? ?? ????? ?? ?? ?? ???????),???? ???? ??? (???? ??? ???? ??? ?? ??),,
water_barrier,unsafe,Waterpoints are unsafe,????? ?? ????? ?????,? ?????? ???? ?? ???? ??,,
water_barrier,distance,Waterpoints are too far,????? ?? ????? ??? ???,?? ???? ?????? ??? ???? ??,,
water_barrier,expensive,Cost is prohibitive i.e. water trucking,???? ????? ??? ?? ??? ???? ?????? ?? ,"???? ?? ???? ??? ? ???? ?? ??? ? ????? ????",,
water_barrier,none,No barriers,??? ????? ????? ?????,,,
water_barrier,other,Other ,????,???,,
water_change,longer_wait,Longer wait times to access waterpoint,??? ???? ?????? ?????? ???? ?????? ?? ?? ???? ??,??? ?????? ???? ?? ?? ???? ????? ?????,,
water_change,shorter_wait,Shorter wait times to access waterpoint,??? ?? ?????? ????? ???? ?????? ?? ?? ???? ??,? ??? ??? ????? ?? ?????? ???? ???? ?? ?? ???? ??? ?? ?????,,
water_change,poor_qual,Poorer water quality (colour/taste/smell of water),????? ?? ????? ??? (??? / ??? ? ??? ??), ? ???? ????? ???? ?? (???/????/ ????? ???),,
water_change,improve_qual,Improved water quality (colour/taste/smell of water),????? ?? ???? ??? (??? / ??? ? ??? ??), ? ???? ?????  ?? ??? (? ???? ???/????/???),,
water_change,lower_capacity,Waterpoint runs out of water faster than before,???? ?? ?????? ?? ????? ?? ?? ?? ???,? ???? ?????? ? ???? ?? ????? ???? ?? ????,,
water_change,more_unsafe,Waterpoints are more unsafe,????? ?? ?? ????? ?? ???,? ????  ???? ?????? ????? ???,,
water_change,other,Other,????,???,,
health_2k,yes,"Yes, within 2 km","??? ? ?? ????? 2 ????????","???? ?? 2 ???? ???? ??",,
health_2k,no_further,"No, further than 2 km but inside the city/village","????? ????? ?? 2km ","??? ?? 2 ???? ???? ??? ???",,
health_2k,no_none,"No, none accessible for this settlement population","???? ? ?? ????? ???? ??? ????? ????","??? ???? ???????? (???) ? ???? ????? ? ?????? ?? ???",,
health_type,clinic,Clinic,??????,??????,,
health_type,health_post,Health Post,???? ???,???????? ????,,
health_type,hospital,Hospital,???????,??????,,
health_type,protect_centre,Family protection centre,???? ?????? ???????,? ????? ? ????? ????,,
health_type,sub_centre,Health sub-centre,???? ???? ??? ,???????? ???? ????,,
health_type,med_camp,Medical camp,???  ???,??? ???,,
health_type,other,Other,????,???,,
health_unsatisfy,hours,Health service opening hours not convenient,????? ???? ????? ??? ????? ????,? ???????? ?????? ? ?????? ??????? ????? ???,,
health_unsatisfy,expensive,Treatment expensive,????? ???? ???,?????? ????? ??,,
health_unsatisfy,drug_unavail,Drugs or supplies not available ,????? ? ???? ???? ?? ????? ????,? ????? ?? ?????? ?? ????,,
health_unsatisfy,staff_behave,Health service staff behaviour is bad,???????? ????? ??? ???? ??? ??????,? ???????? ????????? ???? ?? ??,,
health_unsatisfy,crowded,Clinic is crowded,?? ?????? ?????? ???? ??? ,?????? ?? ??????? ??,,
health_unsatisfy,other,Other,????,???,,
health_unsatisfy,dont_know,Don't know,??????? ,?? ??????,,
health_unsatisfy,prefer_not,Prefer not to answer,????? ????? ?? ???? ???? ,?? ????? ???? ?????,,
health_unsatisfy_constraint,hours,Health service opening hours not convenient,????? ???? ????? ??? ????? ????,? ???????? ?????? ? ?????? ??????? ????? ???,,
health_unsatisfy_constraint,expensive,Treatment expensive,????? ???? ???,?????? ????? ??,,
health_unsatisfy_constraint,drug_unavail,Drugs or supplies not available ,????? ? ???? ???? ?? ????? ????,? ????? ?? ?????? ?? ????,,
health_unsatisfy_constraint,staff_behave,Health service staff behaviour is bad,???????? ????? ??? ???? ??? ??????,? ???????? ????????? ???? ?? ??,,
health_unsatisfy_constraint,crowded,Clinic is crowded,?? ?????? ?????? ???? ??? ,?????? ?? ??????? ??,,
health_unsatisfy_constraint,other,Other,????,???,,
health_unsatisfy_constraint,dont_know,Don't know,??????? ,?? ??????,,
health_unsatisfy_constraint,prefer_not,Prefer not to answer,????? ????? ?? ???? ???? ,?? ????? ???? ?????,,
health_barrier,where_confuse,Don't know where to go,??????? ??? ???? ,?? ?????? ?? ????? ?????,,
health_barrier,cost_transport,Cost of transport,????? ?????????,? ????????? ? ????? ???????,,
health_barrier,cost_treat,Cost of care/ treatment,????? ?????? / ?????,? ?????? / ?????? ????? ??? ????,,
health_barrier,cost_drugs,Cost of medicines,????? ????? ???,? ????? ??? ????,,
health_barrier,safety,Concern for physical safety,?????? ??? ????? ????? ,? ?????? ???????? ???????,,
health_barrier,travel_time,Long travel time,??? ????????? ,???? ???,,
health_barrier,centre_capacity,Insufficient capacity of health centre,????? ?????? ???? ???,? ???????? ???? ?? ???? ?????,,
health_barrier,denied,Denied access/ treatment,??????/ ????? ?? ?? ?????,?????? ?? ?? ?????? ??? ????? ????,,
health_barrier,none,No barriers,??? ????? ????? ?????,??? ??,,
health_barrier,other,Other,????,???,,
health_inaccess,pharmacy,Go to pharmacy / self-medicate,?? ??????? ?????/ ????? ????,??????? ?? ???/ ?? ??? ??? ???? ?? ?????? ???,,
health_inaccess,travel ,Drive to distant health centre,???? ?? ???? ?? ???? ???,??? ???????? ???? ?? ?? ???? ?? ???,,
health_inaccess,trad_healer,Go to traditional healer,???? ?? ??? ????? ???? ??? ????,???? ????? ?? (??? ??? ?? ? ???? ??? ????? ?? ???? ???? ?? ?? ?? ?? ?????),,
health_inaccess,none,"Nothing, recover at home","???? ?? ???? ????? ?????","??? ?? ??? ?? ??? ?? ??? ????",,
health_inaccess,other,Other,????,???,,
safe_likert,very_good,Very good (Completely stable situation and no criminality or conflict),????? ??? (????? ?????? ?????? ???? ???? ??? ? ????? ?? ??????),??? ?? (?? ???? ??? ??????? ???? ?? ??? ??? ?? ???? ????),,
safe_likert,good,Good (Stable situation and people are feeling safe. Only criminality but no conflict),??? (????? ?????? ? ???? ????? ????? ?? ????. ??? ??? ? ????? ??? ???? ??????),?? ???? ???? ?? ??? ?? ? ???????? ????? ???. ????? ??? ???? ??? ?? ???? ????) ,,
safe_likert,neutral,Okay (Situation is good but can change at any time - unstable),????? (????? ??? ??? ??? ?? ????? ?? ?? ??? ????? ??? - ????????),??? ?? (???? ?? ?? ?? ?? ??? ??????? ??- ?? ?????),,
safe_likert,poor_qual,"Poor (Suicide attack, demonstration, explosion, but existence of some safer location. People are in danger from one party)","????(???? ??????? ? ??????? ? ?????? ? ??? ??????? ???? ?? ??? ??? ??. ???? ?? ?? ??? ?? ??? ?????)","???? (??????? ???????? ?????????? ??????? ?? ? ???? ????? ???? ????. ??? ? ??? ???? ??? ?? ???? ?? ??)",,
safe_likert,very_poor,"Very poor (Ongoing fights, mines/explosions. People are in danger from both parties)","????? ???? (?????? ??? ????? ? ??? ?? ? ????????. ???? ?? ?? ?? ??? ?? ??? ?????)","??? ???? (????? ????? ???????/??????. ??? ? ????? ???? ??? ?? ???? ?? ??.)",,
safe_change,yes_increase,"Yes, incidents have increased","???? ?????? ???? ???","??? ???? ???? ???",,
safe_change,yes_decrease,"Yes, incidents have decreased","???? ?????? ???? ?????","??? ???? ??? ???",,
safe_change,no_change,No change in number of incidents,??? ???? ????? ?? ????? ?????? ??????,?? ? ???? ?? ???? ?? ??? ????? ??? ?????,,
safe_change,dont_know,Don't know,??????? ,?? ??????,,
movement,harrass ,Discrimination / harrassment from host community,????? / ???? ? ???? ?? ????? ??????,? ????? ????? ???? ??????? ????/ ??????,,
movement,culture_barrier,Socio-cultural barriers between settlement members and host community,????? ??? ??????? ?????? ??? ????? ????? ? ????? ??????,? ????? ????? ?? ? ???????? (???) ? ??? ?? ??? ??????-?????? ??????,,
movement,covid,Government restrictions related to coronavirus,??????? ??? ????? ?? ???? ????? ?????,????? ???????? ? ?????? ?????? ????? ,,
movement,no_document,Lack of Documentation,????? ?????,? ?????? ?? ???,,
movement,unsafe,Fear for Personal Safety,??? ???? ????? ????,? ???? ???????? ????? ????,,
movement,debt,Debt Related Concerns,?????? ?? ?? ????  ???,? ??? ????? ???????,,
movement,other,Other,????,???,,
covid_cope,withdraw,Social withdrawal,????? ???????,? ????? ? ???? ??? ???? ????,,
covid_cope,angry,Angry / aggressive behaviour,???? ??????/ ??????,???/??? ????,,
covid_cope,risky_behave,Dangerous/risky behaviours,???? ??????,??????/? ??? ??? ?? ????,,
covid_cope,physical_ache,"Multiple unexplained physical complaints (headaches, stomach pains etc.)","????? ????? ????? ??? ???? ????? (????? ? ??? ???? ? ????)","??? ??? ???? ?????? ???????? (? ?? ???? ? ???? ??? ?? ???)",,
covid_cope,substance,"Increased substance intake (e.g. drugs, alcohol etc)","?????? ???? ???? (?? ????? ???? ???? ????? ????? ? ????)","? ????? ????? ? ?????? ???????? (? ???? ?? ???? ????? ????? ????? ?? ???? ???)",,
covid_cope,none,No unusual behavior,???- ?????? ????,???-???? ????,,
covid_cope,other,Other,????,???,,
mhpss_services,comm_leader,Emotional support from religious or community leaders,?????? ????? ????? ?????? ????? ?? ?????? ?????,? ????? ? ?????? ?? ????? ?????? ???? ?????/? ??? ?????? ?????,,
mhpss_services,ngo,Counselling from NGO workers,????? ????? ???????? ?????? ??? ????????,? ???????? ????????? ? ????????? ???? ????? ,,
mhpss_services,comm_group,Community support groups (e.g. women’s groups),???? ??? ?????? ????? (?? ??? ???? ???? ??? ????),? ????? ?????? ??? (? ????? ?? ???? ????? ???),,
mhpss_services,clinical,Clinical mental health support (psychiatric – medication for mental health issues),?????? ?????? ??? ????? ( ????? ??? ???? ?????? ????? ???),? ????? ?????? ? ?????? ????? (?????-? ????? ???????? ?????? ??????),,
mhpss_services,referrals,Referrals to mental health services by HFs/NGOs,??????? ?? ????? ??? ????? ???? HFs / NGO,? HFs/NGOs ?? ????? ? ????? ?????? ?????? ?? ??????,,
mhpss_services,other,Other,????,???,,
mhpss_avoid,service_hose,Service opening hours not convenient,????? ???? ????? ????? ????,? ???? ? ?????? ??????? ????? ???,,
mhpss_avoid,treatment_iset,Treatment expensive,????? ???? ???,?????? ????? ??,,
mhpss_avoid,staff_behave,Health service staff behaviour is bad,???????? ????? ??? ???? ??? ??????,? ???????? ?????? ????????? ???? ???? ??,,
mhpss_avoid,crowded,Clinic is crowded,?? ?????? ?????? ???? ??? ,?????? ?? ??????? ??,,
mhpss_avoid,other,Other,????,???,,
mhpss_avoid,dont_know,Don't know,??????? ,?? ??????,,
mhpss_avoid,prefer_not,Prefer not to answer,????? ????? ?? ???? ???? ,?? ????? ???? ?????,,
covid_impact,more_gbv,Increased gender-based violence,????? ?????? ????? ???,?????? ?????????? ??? ???,,
covid_impact,more_poverty,Increased poverty/no income,??? ???? ??? / ????? ???? ?????,???? ???? ???/??? ???? ????,,
covid_impact,health_issue,Increased health issues,?????? ??? ???? ?????? ???,???????? ???? ????? ???,,
covid_impact,comm_violence,Community violence,????? ?????,?????? ???????????/?????? ??? ???,,
covid_impact,more_insecure,Increased insecurity,?????? ?? ???? ,?????? ????? ???,,
covid_impact,no_ngo_access,Lack of access for NGOs to provide services,??? ?????? ???? ??? ??? ????? ???? ?????  ????? ,??? ????? ??????? ?? ? ??? ?? ???? ?????? ?? ???,,
covid_impact,other,Other,???? ,???,,
covid_impact,none,"Nothing, continue daily life as normal",????? ????? ?????? ?? ??? ?????? ,"??? ??? ??? ???? ???? ?? ????? ?????",,
relationship,positive,Positive,???? ,????,,
relationship,neutral,Neutral,?? ???,?? ????,,
relationship,negative,Negative,???? ,????,,
relationship,prefer_not,Prefer not to answer,???? ?? ???? ???? ????? ,?? ????? ?? ???? ?????,,
host_dispute,comm_leader,Settlement leaders (Jirga or Shura),????????? ????( ???? ?? ????),? ???????? (???) ????? (???? ?? ????),,
host_dispute,cdc,Community Development Council (CDC),???? ??????? ????? ,? ????? ????????? ???? (CDC),,
host_dispute,host_leader,Host community leaders,???? ????? ?????? ,? ????? ????? ?????,,
host_dispute,imam,Imam/Religious organisations ,????/ ???? ??? ????? ,??? ????/????? ?????,,
host_dispute,friends,Friends or neighbours ,???? ?? ? ?????? ?? ,????? ?? ????????,,
host_dispute,police,Police,?????,?????,,
host_dispute,civil_court,Civil court house,?????? ???? ,???? ????? ,,
host_dispute,ngo,UN/NGO,???? ??? ????/???? ??? ????? ,????? ??????/???????? ?????????,,
host_dispute,other,Other,???? ,???,,
host_dispute,none,None                                ,??? ???? ,??? ??,,
host_dispute,dont_know,Don't know,??? ???? ,?? ??????,,
host_dispute,prefer_not,Prefer not to answer,???? ?? ???? ???? ????? ,?? ????? ???? ?????,,
site_owner,government,Government,???? ,?????,,
site_owner,private,Private ownership,????? ????? ,???? ?????,,
site_owner,un,UN / NGO designated,??? ???? /???? ??? ??? ????? ????? ???,????? ??????/ ???????? ????????? ,,
site_owner,common,Common land/No owner,???? ????/???? ?????,???? ????/???? ?? ???? ????,,
site_owner,other,Other,???? ,???,,
eviction,rent,Unable to pay rent,??????? ?????? ?????? ????? ,? ????? ?????? ???? ????,,
eviction,dispute_rent,Disputes about rental price,??????  ?? ???? ???? ????? ,? ????? ? ???? ?? ?? ????,,
eviction,dispute_own,Dispute about ownership,?????? ?? ???? ????? ,? ????? ?? ?? ????,,
eviction,dispute_other,Other disagreements with landlord,???? ???????? ?? ???? ???? ,? ???? ???? ??? ??? ?????????,,
eviction,dispute_host,Dispute with host family,?????? ?? ??????? ?????? ,????? ????? ??? ????,,
eviction,private,This land is privately owned,??? ???? ????? ????? ??? ,??? ???? ???? ????? ??,,
eviction,other,Other,???? ,???,,
threaten,local_auth,Local authorities,?????? ???? ,???? ???????,,
threaten,government,Government,???? ,????,,
threaten,host_comm,Host community,????? ?????? ,?????/???? ???,,
threaten,other,Other,???? ,???,,
shelter,tent,Tents (emergency shelter),????(????? ??? ???????),????(????? ??????),,
shelter,makeshift,Makeshift Shelter,?????? ?????,????????/????? ?????,,
shelter,transitional,Transitional Shelter,?????? ??? ??????? ,???????? ??????,,
shelter,mud,Permanent shelter (mud),?????? ????? ????,????? ???? ???/??????,,
shelter,brick,Permanent shelter (brick),?????? ????? ????,????? ? ???? ???/??????,,
shelter,collective,Collective centre (building not intended for living),???? ??? ???? (???????? ???? ????? ????),?????? ?????(??? ????? ?? ? ???? ???? ????? ?? ??),,
shelter,open_space,Open space (no shelter),???? ???(?? ??????),????? ???/?? ??? ????? ????? (???? ? ??????),,
shelter,unfinished,Unfinished shelter (house),?????? ?? ???? (????),??????? ??????/???,,
shelter,damaged,Damaged House,???? ????? ??? ,????  ??? ???,,
shelter,other,Other,???? ,???,,
accom,own_document,Own shelter WITH documentation,?????? ???? ???? ?? ????? ,???? ?????? ?? ?????? ???,,
accom,own_no_document,Own shelter WITHOUT documentation,?????? ???? ??? ???? ????? ,? ?? ?????? ?????? ??????,,
accom,rent,Rent shelter,?????? ?????,? ????? ??????,,
accom,hosted,Hosted in shelter by friends/family for free,??????? ???? ?????? /??????? ???? ?????? ,? ?????/????? ?? ??????? ?? ???? ???? ????,,
accom,free_permiss,Staying in shelter for free WITH owner's consent,?? ????? ???? ?? ????? ???? ?????? ?????,? ??????? ?? ????? ?? ???? ??? ?? ?????? ?? ???? ????,,
accom,free_no_permiss,Staying in shelter for free WITHOUT owner's consent,???? ????? ???? ?? ????? ???? ?????? ?????? ,? ??????? ????? ???? ?? ???? ??? ?? ?????? ?? ???? ????,,
accom,other,Other,???? ,???,,
accom,prefer_not,Prefer not to answer,???? ?? ???? ???? ????? ,?? ????? ?? ???? ?????,,
tenure,written,Written agreement,???? ??? ??????? ,????? ???,,
tenure,verbal,Verbal agreement,???? ??? ????? ,????? /????? ??????,,
tenure,none,None (occupied without permission),??? ???? ( ????? ???? ?? ????? ),??? ??(?? ????? ???? ?? ?????),,
tenure,prefer_not,Prefer not to answer,???? ?? ???? ???? ????? ,?? ????? ???? ?????,,
tenure_written,deed,Land title deed issued by Court of Law,??? ???? ?? ???? ????? ???? ??? ???? ,? ???? ????? ?? ? ????? ???? ???? ??? ??,,
tenure_written,tenure_doc,Customary tenure document,??? /????? ?????,???? ????? /???,,
tenure_written,letter,Letter of permission from Government Authorities,????? ???? ?? ?????? ????? ,? ?????? ??????? ???? ????? ???,,
tenure_written,safayee,Safayee Notebook,?????? ????? ,? ????? ??????,,
tenure_written,occupancy_cert,Occupancy certificate,????? ????? ,? ??? ??????? /????? ???,,
tenure_written,rent_agree,Rental agreement,???? ??? ????? ,? ????? ????,,
tenure_written,other,Other,???? ,???,,
tenure_written,prefer_not,Prefer not to answer,???? ?? ???? ???? ????? ,?? ????? ?? ???? ?????,,
covid_shelter,tools,Tools and materials (in cash/ in kind) to rapidly extend shelters to accommodate the sick,????? ? ???? (????/????) ?????? ?? ????? ???? ???? ??? ??? ??? ??? ? ??? ???? ?????? ???? ?????? ,????? ?? ????(?? ???? ???/????)?? ?? ???? ??? ??????? ????? ??? ?? ????? ??? ??? ?? ??? ???,,
covid_shelter,tent,Provision of tents to accommodate sick persons inside the site,????? ???? ???? ?? ???? ?????? ????? ?? ???? ????/???? ,? ????? ? ??????? ????? ?? ??? /???? ?? ? ???????? ??? /???????,,
covid_shelter,relocate,Relocation of unsick family members to other relatives,?????? ???? ????? ???? ??????? ?? ???? ????? ,? ????? ??? ??? ???? ??????? ??? ??? ?? ??? ???,,
covid_shelter,temp_ward,"Construction of a large temporary shelter (plastic tarpaulin, plywood, etc.) for 15-30 people to accommodate all sick individuals within the settlement",????? ?? ?????? ???? ???? ???? 15 ??? 30 ??? ?? ???? ??????? ???? ?? ?? ??? ???? ???  ,? 15 ?? 30 ????? ????? ???? ???????? ?????? ?? ???????? (???) ?? ????? ?? ? ??? ??? ??????? ?? ??? ?? ??? ?? ??? ??.,,
covid_shelter,rent_isolate,Renting of hotel/hostel to isolate sick individuals for 14 days,???? ?????/ ???? ???? ??? ???? ??? ???? ?? ??? 14 ??? ,? 14 ???? ????? ? ????? ?????? ??? ???? ????? ? ???? / ????? ????? ???,,
covid_shelter,shelter_repair,Shelter repair support to upgrade and repair settlement shelters,????? ???????? ?? ?? ?????? ???? ? ?????? ??? ?????? (???????) ?? ???? ????,? ?????? ? ????? ???????? ?? ?  ???????? (??? )??????? ???????,,
covid_shelter,none,No preference for shelter aid,??? ??? ????? ???? ??? ?????? ????,? ?????? ? ??? ????? ???? ??? ????,,
covid_shelter,other,Other,???? ,???,,
livelihood,business,Small business / sale of goods or services,"????? ????/ ???? ? ???? ????? ?? ????? (????????? ????? ? ????)","????? ?????/ ? ???? ???? ?? ???? ?? ????? (????????? ???? ?? ???? ???)",,
livelihood,unskilled,Unskilled daily labour (without contract),?????? ??? ??????? ???? ??????,?????????? ?????? ?? ?? ??????? ???,,
livelihood,skilled,Skilled daily labour / (without contract),?????? ??????? ???? ??????,??????? ?????? ?? ?? ??????? ???,,
livelihood,formal,Formal employment (with contract),????? ???? ?? ???????,???? ???? ?? ??????? ???,,
livelihood,livestock,Farming (livestock),???????,???????,,
livelihood,farm_crop,Farming (cash crop),?????,?????/?????,,
livelihood,borrow,Borrowing / Loans / Humanitarian aid,???/??? ??? ????,???/???? ?????,,
livelihood,other,Other,????,???,,
unemploy_coping,spend_saving,Spending savings,???? ???? ?? ????? ,??????? ???? ???,,
unemploy_coping,sell_asset,Selling assets,?????? ??????,????? ?????,,
unemploy_coping,borrow_debt,Borrowing money / taking on debt,??? ????? ???,???? ??? ???/??? ??????,,
unemploy_coping,non_food_spend,"Reducing non-food spending (health, education, etc)",???? ???? ??? ????? (????????? ? ??????? ???? ),"? ????????? ???? ? ??????? ????( ??????? ????? ?? ???? ???)",,
unemploy_coping,rely_aid,Relying on aid from NGOs,???? ?? ??? ???? ??? ??? ????? ,? ??????? ?? ????? ???? ???,,
unemploy_coping,sell_aid,Selling assistance items received,???? ???? ??? ??? ??? ,?????? ??? ????? ???? ?????,,
unemploy_coping,begging,Begging,????? ???? ,????? ?????,,
unemploy_coping,other,Other,????,???,,
unemploy_coping,dont_know,Don't know,??? ???? ,?? ??????,,
soap,normal,"Yes, at normal price",??? ?? ???? ?????? ,"??? ?? ???? ????",,
soap,increased,"Yes, at increased price ",??? ?? ???? ????,"??? ?? ???? ????",,
soap,sold_out,"No, the market is sold out",???? ?? ????? ???? ??? ,?? ????? ?? ????? ?? ???? ??? ??,,
soap,closed,"No, the market is closed",???? ????? ???? ??? ,"??? ????? ???? ??",,
soap,dont_know,Don't know,??? ???? ,?? ??????,,
market_item,food,Food,???,?????? ????,,
market_item,soap,Soap,?????,?????,,
market_item,hygiene,Hand sanitizer and other hygiene materials,???? ?? ????? ? ??? ?????,? ????? ?? ?? ??? ????? ????,,
market_item,fuel,Fuel / Heating materials,???? ???? ?? ??? ????? ,? ???? ????/ ? ?????? ????,,
market_item,construct_mat,"Construction materials (wood, nails, cement bricks, glass, etc)",???? ???????? (??????????? ????????? ? ????),"? ????? ????( ????? ??????? ????? ????? ?? ???? ???)",,
market_item,clothing,Clothing,????? ,????,,
market_item,tarpaulin,Tarpaulin sheets,?????? ?????? ,?????,,
market_item,buckets_hose,Buckets or other water containers,??? ? ?? ???? ????? ??? ???? ??,?????? ?? ? ???? ???? ?????,,
market_item,kitchen_mat,Cooking / kitchen materials,??????? ???????? ,? ?????/?????? ????,,
market_item,blanket,Blankets and quilts,???? ? ????  ,????? ?? ??????,,
market_item,other,Other ,???? ,???,,
food_source,ngo,NGO food distributions,????? ???? ???? ???? ??? ??? ????? ,? ??????? ? ?????? ???? ???,,
food_source,market_inside,Purchase in markets inside the settlement,?? ?????/???????? ???? ??????? ??????,? ??? ? ????? ??? ?? ????,,
food_source,market_outsided,Purchase in markets outside the settlement,?? ?????/???????? ????? ?? ???? ??????? ??????,? ??? ??? ? ?????/????? ????? ??? ?? ????,,
food_source,own_production,Own production,????? ???/??? ?? ????? ??????,??? ?????/?? ???? ?? ????? ??,,
food_source,family,Provided from family and friends in the area,??????? ? ?????? ?? ????? ,?? ???? ?? ???? ????? ?? ??????,,
food_source,other,Other,????,???,,
food_source,dont_know,Don't know,??? ???? ,?? ??????,,
population,discrete,Population is only migrants,???? ???? ??????? ??? ??? ,????? ?????? ??? ???,,
population,mixed,Population is mixed with migrants and host community,???? ??????? ??? ???? ?? ????? ?????? ???? ??? ,?????? ??? ?? ????? ???? ?????,,
distribution,education,Education,?????,?????/?????,,
distribution,food,Food,????,?????? ????,,
distribution,health,Health,???,??????,,
distribution,livelihoods,Livelihood/vocational training,??????/????? ?????,??????/????? ??????,,
distribution,wash,WASH,"??? ?????? ????? ??? ??? ?????","????? ?????? ?? ??? ?????",,
distribution,protection,Protection,?????,?????/????????,,
distribution,shelter,Shelter,?????? ,?????,,
distribution,nfi,NFI,???? ??? ????? ,??? ?????? ????,,
distribution,winter,Winterisation ,??????? ,???? ????,,
distribution,cash,Economic support (e.g. cash),???????? ??????? (?? ????? ???? ??? ???),??????? ????? (? ????? ?? ??? ? ???? ???? ???),,
distribution,other,Other ,???? ,???,,
work_change,full_stop,Completely stopped,??? ?? ?????? ???,?????? ???? ??????,,
work_change,part_stop,Partially stopped,??? ?? ?? ???,?????? ?? ??? ??,,
work_change,no_stop,Continued without decline,??? ?? ???? ???? ???? ????? ????,?????? ?? ?? ??? ??? ??? ????? ???,,
location,prov_centre,"Provincial capital
",?? ???? ?????,? ????? ?? ???? ??,,
location,dist_centre,District capital,?? ???? ???????,? ??????? ?? ???? ??,,
location,other_city,Other city,?? ??? ????,?? ?? ??? ??,,
location,suburb,Suburb,?? ???? ????,?? ???? ???? ???? ??,,
location,rural,Rural area / village,?? ?????/????,?? ????? ??,,
location,other,Other,????,???,,
services,info_hh,Information on the coronavirus preventive measures at HOUSEHOLD level,??????? ?? ???? ??????? ??????? ?? ????? ????? ????? ?? ??? ???????,? ????? ?? ??? ? ????? ????? ? ?????? ? ??????? ???????,,
services,info_comm,Information on the coronavirus preventive measures at COMMUNITY level,??????? ?? ???? ??????? ??????? ?? ????? ????? ????? ?? ??? ?????,? ????? ?? ??? ? ????? ????? ? ?????? ? ??????? ???????,,
services,councelling,Councelling for vulnerable residents,?????? ???? ????? ???? ????,?????/??????? ???? ?? ?????,,
services,wash,Provision of additional WASH services,"????? ????? ????? ?? ??? ??? ?????? ? ??? ?????","? ????? ?????? ?? ??? ????? ?? ???? ?? ? ????? ?????? ?????? ???",,
services,health,Provision of additional Health services,????? ????? ??? ?????,? ????? ???????? ?????? ?????? ???,,
services,food_dist,Food distribution ,????? ???? ?????,? ????? ???? ???,,
services,cash,Economic support (e.g. cash),???????? ??????? (?? ????? ???? ??? ???),??????? ????? (? ????? ?? ??? ? ???? ???? ???),,
services,other,Other,????,???,,
yesno_part,yes,Yes,???,??,,
yesno_part,part,"Yes, some residents but not all","???? ???? ???????? ?? ???",?? ???? ????????? ?? ???,,
yesno_part,no,No,?? ???,??,,
yesno_all,all,"Yes, all",??? ???,?? ???,,
yesno_all,some,"Yes, some",??? ???? ??,?? ????,,
yesno_all,no,No,?? ???,??,,
yesno_all,dont_know,Don't know,???????,?? ??????,,
other_edu,other_facility,"Yes, classes in other facilities (mosques, community centre, etc)","??? ??? ?? ?? ???? ???? ??? ??? (?? ????? ???? ?? ????? ???? ????? ?? ???? ???? ??? ???????)","?? ??????/????? ?? ???? ???? ?????? ?? (??? ?????? ???? ????? ?? ??? ???? ?????? ??????)",,
other_edu,home_school,"Yes, educated at home",??? ????? ?? ????,?? ?? ??? ?? ?????,,
other_edu,other,"Yes, other","???? ????","??? ???",,
other_edu,no,No,?? ???,??,,
other_edu,dont_know,Don't know,???????,?? ??????,,
agerange,18_29,18-29,18-29,18-29,,
agerange,30_39,30-39,30-39,30-39,,
agerange,40_49,40-49,40-49,40-49,,
agerange,50_59,50-59,50-59,50-59,,
agerange,60_69,60-69,60-69,60-69,,
agerange,70_79,70-79,70-79,70-79,,
agerange,80_over,80+,80+,80+,,
,,,,,,
,,,,,,
province_list,badakhshan,Badakhshan,??????,??????,,
province_list,badghis,Badghis,??????,??????,,
province_list,baghlan,Baghlan,?????,?????,,
province_list,balkh_province,Balkh,???,???,,
province_list,bamyan_province,Bamyan,??????,??????,,
province_list,daykundi,Daykundi,???????,???????,,
province_list,farah_province,Farah,????,????,,
province_list,faryab,Faryab,??????,??????,,
province_list,ghazni_province,Ghazni,????,????,,
province_list,ghor,Ghor,???,???,,
province_list,helmand,Helmand,?????,?????,,
province_list,herat,Herat,????,????,,
province_list,jawzjan,Jawzjan,??????,??????,,
province_list,kabul_province,Kabul,????,????,,
province_list,kandahar_province,Kandahar,??????,??????,,
province_list,kapisa,Kapisa,??????,??????,,
province_list,khost,Khost,????,????,,
province_list,kunar,Kunar,???,???,,
province_list,kunduz_province,Kunduz,????,????,,
province_list,laghman,Laghman,?????,?????,,
province_list,logar,Logar,????,????,,
province_list,maidan_wardak,Maidan Wardak,????? ????,????? ????,,
province_list,nangarhar,Nangarhar,???????,???????,,
province_list,nimroz,Nimroz,??????,??????,,
province_list,nuristan,Nuristan,???????,???????,,
province_list,paktika,Paktika,??????,??????,,
province_list,paktya,Paktya,?????,?????,,
province_list,panjsher,Panjsher,??????,??????,,
province_list,parwan,Parwan,?????,?????,,
province_list,samangan,Samangan,??????,??????,,
province_list,sar_e_pul_province,Sar-e-Pul,????,????,,
province_list,takhar,Takhar,????,????,,
province_list,uruzgan,Uruzgan,??????,??????,,
province_list,zabul,Zabul,????,????,,
,,,,,,
district_list,argo,Argo,????,????,badakhshan,
district_list,arganj_khwah,Arghanj Khwah,?????????,?????????,badakhshan,
district_list,baharak_badakhshan,Baharak Badakhshan,????? (??????),????? (??????),badakhshan,
district_list,darayem,Darayem,?????,?????,badakhshan,
district_list,darwaz_e_balla,Darwaz-e-Balla,?????,?????,badakhshan,
district_list,darwaz_e_paeen,Darwaz-e-Paeen,????? ????,????? ????,badakhshan,
district_list,eshkashem,Eshkashem,??????,??????,badakhshan,
district_list,faiz_abad_badakhshan,Faiz Abad (Badakhshan),??? ???? (??????),??? ???? (??????),badakhshan,
district_list,jorm,Jorm,???,???,badakhshan,
district_list,keshem,Keshem,???,???,badakhshan,
district_list,khash,Khash,???,???,badakhshan,
district_list,khwahah,Khwahan,??????,??????,badakhshan,
district_list,kofab,Kofab,??? ??,??? ??,badakhshan,
district_list,kohestan_badakhshan,Kohestan (Badakhshan),??????? (??????),??????? (??????),badakhshan,
district_list,koran_wa_monjan,Koran Wa Monjan,???? ??????,???? ??????,badakhshan,
district_list,raghestan,Raghestan,???????,???????,badakhshan,
district_list,shahr_e_buzorg,Shahr-e-Buzorg,??? ????,??? ????,badakhshan,
district_list,shaki,Shaki,???,???,badakhshan,
district_list,shighnan,Shighnan,?????,?????,badakhshan,
district_list,shuhada,Shuhada,????,????,badakhshan,
district_list,tagab_badakhshan,Tagab (Badakhshan),????,????,badakhshan,
district_list,teshkan,Teshkan,?????,?????,badakhshan,
district_list,wakhan,Wakhan,?????,?????,badakhshan,
district_list,warduj,Warduj,?????,?????,badakhshan,
district_list,yaftal_e_sufla,Yaftal-e-Sufla,???? ????,???? ????,badakhshan,
district_list,yamgan,Yamgan,?????,?????,badakhshan,
district_list,yawan,Yawan,?????,?????,badakhshan,
district_list,zebak,Zebak,?????,?????,badakhshan,
district_list,ab_kamari,Ab Kamari,?? ????,?? ????,badghis,
district_list,bala_murghab,Bala Murghab,???? ?????,???? ?????,badghis,
district_list,ghormach,Ghormach,??????,??????,badghis,
district_list,jawand,Jawand,????,????,badghis,
district_list,muqur_badghis,Muqur (Badghis),??? (??????),??? (??????),badghis,
district_list,qadis,Qadis,????,????,badghis,
district_list,qala_e_naw,Qala-e-Naw,???? ??,???? ??,badghis,
district_list,Andarab,Andarab,??????,??????,baghlan,
district_list,baghlan_e_jadid,Baghlan-e-Jadid,????? ????,????? ????,baghlan,
district_list,burka,Burka,?????,?????,baghlan,
district_list,dahana_e_ghori,Dahana-e-Ghori,???? ????,???? ????,baghlan,
district_list,deh_salah,Deh Salah,?? ????,?? ????,baghlan,
district_list,doshi,Doshi,????,????,baghlan,
district_list,fereng_wa_gharu,Fereng Wa Gharu,???? ?????,???? ?????,baghlan,
district_list,guzargah_e_nur,Guzargah-e-Nur,?????? ???,?????? ???,baghlan,
district_list,khinjan,Khinjan,?????,?????,baghlan,
district_list,khost_wa_fereng,Khost Wa Fereng,???? ?????,???? ?????,baghlan,
district_list,khwaja_hejran,Khwaja Hejran,????? ?????,????? ?????,baghlan,
district_list,nahrin,Nahrin,?????,?????,baghlan,
district_list,pul_e_hisar,Pul-e-Hisar,?? ????,?? ????,baghlan,
district_list,pul_e_khumri,Pul-e-Khumri,??????,??????,baghlan,
district_list,tala_wa_barfak,Tala Wa Barfak,???? ?????,???? ?????,baghlan,
district_list,balkh,Balkh,???,???,balkh,
district_list,char_bolak,Char Bolak,??? ????,??? ????,balkh,
district_list,charkent,Charkent,??? ???,??? ???,balkh,
district_list,chemtal,Chemtal,?????,?????,balkh,
district_list,dawlatabad_balkh,Dawlatabad (Balkh),???? ????,???? ????,balkh,
district_list,dehdadi,Dehdadi,??????,??????,balkh,
district_list,kaldar,Kaldar,?????,?????,balkh,
district_list,keshendeh,Keshendeh,?????,?????,balkh,
district_list,khulm,Khulm,???,???,balkh,
district_list,marmul,Marmul,??????,??????,balkh,
district_list,mazar_e_sharif,Mazar-e-Sharif,???? ????,???? ????,balkh,
district_list,nahr_e_shahi,Nahr-e-Shahi,??? ????,??? ????,balkh,
district_list,sharak_e_hayratan,Sharak-e-Hayratan,???? ??????,???? ??????,balkh,
district_list,sholgareh,Sholgareh,??????,??????,balkh,
district_list,shortepa,Shortepa,??? ????,??? ????,balkh,
district_list,zari,Zari,????,????,balkh,
district_list,bamyan,Bamyan,??????,??????,bamyan,
district_list,kahmard,Kahmard,?????,?????,bamyan,
district_list,panjab,Panjab,?????,?????,bamyan,
district_list,sayghan,Sayghan,?????,?????,bamyan,
district_list,shibar,Shibar,????,????,bamyan,
district_list,waras,Waras,??? (???),??? (???),bamyan,
district_list,yakawlang,Yakawlang,???????,???????,bamyan,
district_list,yakawlang_2,Yakawlang No. 2,??????? ???? 2,??????? ???? 3,bamyan,
district_list,ashtarlay,Ashtarlay,??????,??????,daykundi,
district_list,kajran,Kajran,?????,?????,daykundi,
district_list,khadir,Khadir,????,????,daykundi,
district_list,kiti,Kiti,????,????,daykundi,
district_list,miramor,Miramor,???????,???????,daykundi,
district_list,nili,Nili,????,????,daykundi,
district_list,patoo,Patoo,????,????,daykundi,
district_list,sang_e_takht,Sang-e-Takht,??? ???,??? ???,daykundi,
district_list,shahrestan,Shahrestan,???????,???????,daykundi,
district_list,anar_dara,Anar Dara,???? ???,???? ???,farah,
district_list,bakwa,Bakwa,?????,?????,farah,
district_list,bala_buluk,Bala Buluk,???? ????,???? ????,farah,
district_list,farah,Farah,????,????,farah,
district_list,gulistan,Gulistan,??????,??????,farah,
district_list,khak_e_safed,Khak-e-Safed,??? ????,??? ????,farah,
district_list,lash_e_juwayn,Lash-e-Juwayn,??? ????,??? ????,farah,
district_list,pur_chaman,Pur Chaman,??????,??????,farah,
district_list,pushtrod,Pushtrod,??????,??????,farah,
district_list,qala_e_kah,Qala-e-Kah,???? ???,???? ???,farah,
district_list,shibkoh,Shibkoh,??? ???,??? ???,farah,
district_list,almar,Almar,?????,?????,faryab,
district_list,andkhoy,Andkhoy,??????,??????,faryab,
district_list,bilcheragh,Bilcheragh,??????,??????,faryab,
district_list,dawlat_abad,Dawlat Abad,???? ???? (??????),???? ???? (??????),faryab,
district_list,gurzewan,Gurzewan,???????,???????,faryab,
district_list,khan_e_char_bagh,Khan-e-Char Bagh,??? ???????,??? ???????,faryab,
district_list,khwaja_sabz_posh,Khwaja Sabz Posh,????? ??? ???,????? ??? ???,faryab,
district_list,kohistan_faryab,Kohistan (Faryab),??????? (??????),??????? (??????),faryab,
district_list,maymana,Maymana,?????,?????,faryab,
district_list,pashtun_kot,Pashtun Kot,????? ???,????? ???,faryab,
district_list,qaisar,Qaisar,?????,?????,faryab,
district_list,qaram_qul,Qaram Qul,??? ??,??? ??,faryab,
district_list,qurghan,Qurghan,?????,?????,faryab,
district_list,shirin_tagab,Shirin Tagab,???? ????,???? ????,faryab,
district_list,ab_band,Ab Band,?? ???,?? ???,ghazni,
district_list,ajristan,Ajristan,???????,???????,ghazni,
district_list,andar,Andar,????,????,ghazni,
district_list,deh_yak,Deh Yak,?? ??,?? ??,ghazni,
district_list,gelan,Gelan,?????,?????,ghazni,
district_list,ghazni,Ghazni,????,????,ghazni,
district_list,giro,Giro,????,????,ghazni,
district_list,jaghatu_ghazni,Jaghatu (Ghazni),???? (????),???? (????),ghazni,
district_list,jaghuri,Jaghuri,??????,??????,ghazni,
district_list,khwaja_umari,Khwaja Umari,????? ????,????? ????,ghazni,
district_list,malistan,Malistan,???????,???????,ghazni,
district_list,muqur_ghazni,Muqur Ghazni,??? (????),??? (????),ghazni,
district_list,nawa,Nawa,????,????,ghazni,
district_list,nawur,Nawur,????,????,ghazni,
district_list,qarabagh,Qarabagh,??? ???,??? ???,ghazni,
district_list,rashidan,Rashidan,??????,??????,ghazni,
district_list,waghaz,Waghaz,????,????,ghazni,
district_list,wali_muhammad_shahid,Wali Muhammad Shahid,??? ???? ????,??? ???? ????,ghazni,
district_list,zanakhan,Zanakhan,??? ???,??? ???,ghazni,
district_list,charsadra,Charsadra,?????? ??,?????? ??,ghor,
district_list,dawlatyar,Dawlatyar,???? ???,???? ???,ghor,
district_list,dolayna,DoLayna,?? ????,?? ????,ghor,
district_list,feroz_koh,Feroz Koh,????? ???,????? ???,ghor,
district_list,lal_wa_sarjangal,Lal Wa Sarjangal,??? ? ??????,??? ? ??????,ghor,
district_list,pasaband,Pasaband,??????,??????,ghor,
district_list,saghar,Saghar,????,????,ghor,
district_list,shahrak,Shahrak,????,????,ghor,
district_list,taywarah,Taywarah,?????,?????,ghor,
district_list,tolak,Tolak,????,????,ghor,
district_list,baghran,Baghran,??????,??????,helmand,
district_list,deh_e_she,Deh-e-Shu,????,????,helmand,
district_list,garmser,Garmser,??????,??????,helmand,
district_list,kajaki,Kajaki,????,????,helmand,
district_list,lashkargah,Lashkargah,???????,???????,helmand,
district_list,marja,Marja,?????,?????,helmand,
district_list,musa_qala,Musa Qala,???? ????,???? ????,helmand,
district_list,nad_ali,Nad Ali,??????,??????,helmand,
district_list,nahr_e_saraj,Nahr-e-Saraj,??? ????,??? ????,helmand,
district_list,nawa_e_barakzaiy,Nawa-e-Barakzaiy,???? ????????,???? ????????,helmand,
district_list,nawa_i_mesh,Nawa-i-Mesh,????  ???,????  ???,helmand,
district_list,nawzad,Nawzad,?????,?????,helmand,
district_list,reg_i_khan_nishin,Reg-i-Khan Nishin,???,???,helmand,
district_list,sangin,Sangin,?????,?????,helmand,
district_list,washer,Washer,?????,?????,helmand,
district_list,adraskan,Adraskan,??????,??????,herat,
district_list,chisht_e_sharif,Chisht-e-Sharif,??? ????,??? ????,herat,
district_list,farsi,Farsi,????,????,herat,
district_list,ghoryan,Ghoryan,??????,??????,herat,
district_list,gulran,Gulran,?????,?????,herat,
district_list,guzara,Guzara,????,????,herat,
district_list,hirat,Hirat,????,????,herat,
district_list,injil,Injil,?????,?????,herat,
district_list,karukh,Karukh,???,???,herat,
district_list,koh_i_zor,Koh-i-Zor,??? ???,??? ???,herat,
district_list,kohsan,Kohsan,??????,??????,herat,
district_list,kushk,Kushk,????,????,herat,
district_list,kushk_e_kuhna,Kushk-e-Kuhna,???? ????,???? ????,herat,
district_list,obe,Obe,????,????,herat,
district_list,pashtun_zarghun,Pashtun Zarghun,????? ?????,????? ?????,herat,
district_list,pusht_i_koh,Pusht-i-Koh,??? ???,??? ???,herat,
district_list,shindand,Shindand,??????,??????,herat,
district_list,zawol,Zawol,????,????,herat,
district_list,zer_i_koh,Zer-i-Koh,??????,??????,herat,
district_list,zindajan,Zindajan,???? ???,???? ???,herat,
district_list,aqcha,Aqcha,????,????,jawzjan,
district_list,darzab,Darzab,??? ??,??? ??,jawzjan,
district_list,fayzabad_jawzjan,Fayzabad (Jawzjan),??? ???? (??????),??? ???? (??????),jawzjan,
district_list,khamyab,Khamyab,?????,?????,jawzjan,
district_list,khanaqa,Khanaqa,?????,?????,jawzjan,
district_list,khwaja_dukoh,Khwaja Dukoh,????? ?????,????? ?????,jawzjan,
district_list,mardyan,Mardyan,??????,??????,jawzjan,
district_list,mingajik,Mingajik,??????,??????,jawzjan,
district_list,qardin,Qarqin,?????,?????,jawzjan,
district_list,qush_tepa,Qush Tepa,??? ????,??? ????,jawzjan,
district_list,sheberghan,Sheberghan,??????,??????,jawzjan,
district_list,bagrami,Bagrami,??????,??????,kabul,
district_list,chahar_asyab,Chahar Asyab,???? ?????,???? ?????,kabul,
district_list,deh_sabz,Deh Sabz,?? ???,?? ???,kabul,
district_list,estalef,Estalef,??????,??????,kabul,
district_list,farza,Farza,????,????,kabul,
district_list,guldara,Guldara,?????,?????,kabul,
district_list,kabul,Kabul,????,????,kabul,
district_list,kalakan,Kalakan,?????,?????,kabul,
district_list,khak_e_jabbar,Khak-e-Jabbar,??? ????,??? ????,kabul,
district_list,mir_bacha_kot,Mir Bacha Kot,??? ??? ???,??? ??? ???,kabul,
district_list,musahi,Musahi,?????,?????,kabul,
district_list,paghman,Paghman,?????,?????,kabul,
district_list,qara_bagh,Qara Bagh,??? ???,??? ???,kabul,
district_list,shakar_dara,Shakar Dara,??????,??????,kabul,
district_list,surobi,Surobi,?????,?????,kabul,
district_list,arghandab,Arghandab,???????,???????,kandahar,
district_list,arghestan,Arghestan,???????,???????,kandahar,
district_list,daman,Daman,?????,?????,kandahar,
district_list,dand,Dand,???,???,kandahar,
district_list,ghorak,Ghorak,????,????,kandahar,
district_list,kandahar,Kandahar,??????,??????,kandahar,
district_list,khakrez,Khakrez,??????,??????,kandahar,
district_list,maruf,Maruf,?????,?????,kandahar,
district_list,maywand,Maywand,?????,?????,kandahar,
district_list,miyanshin,Miyanshin,???????,???????,kandahar,
district_list,nesh,Nesh,???,???,kandahar,
district_list,panjwayi,Panjwayi,???????,???????,kandahar,
district_list,reg,Reg,???,???,kandahar,
district_list,shah_wali_kot,Shah Wali Kot,??? ??? ???,??? ??? ???,kandahar,
district_list,shorabak,Shorabak,??? ???,??? ???,kandahar,
district_list,spin_boldak,Spin Boldak,???? ?????,???? ?????,kandahar,
district_list,takhta_pul,Takhta Pul,???? ??,???? ??,kandahar,
district_list,zheray,Zheray,????,????,kandahar,
district_list,alasay,Alasay,??? ???,??? ???,kapisa,
district_list,hisa_e_awal_e_kohistan,Hisa-e-Awal-e-Kohistan,??? ??? ???????,??? ??? ???????,kapisa,
district_list,hisa_e_duwum_e_kohistan,Hisa-e-Duwum-e-Kohistan,??? ??? ???????,??? ??? ???????,kapisa,
district_list,koh_band,Koh Band,??? ???,??? ???,kapisa,
district_list,mahmood_e_raqi,Mahmood-e-Raqi,????? ????,????? ????,kapisa,
district_list,nijrab,Nijrab,?????,?????,kapisa,
district_list,tagab_kapisa,Tagab (Kapisa),????,????,kapisa,
district_list,bak,Bak,???,???,khost,
district_list,gurbuz,Gurbuz,????,????,khost,
district_list,jaji_maydan,Jaji Maydan,???? ?????,???? ?????,khost,
district_list,mandozayi,Mandozayi,????????,????????,khost,
district_list,matun,Matun,???? (????),???? (????),khost,
district_list,musa_khel,Musa Khel,???? ???,???? ???,khost,
district_list,nadir_shah_kot,Nadir Shah Kot,??????? ???,??????? ???,khost,
district_list,qalandar,Qalandar,?????,?????,khost,
district_list,sabari,Sabari,????,????,khost,
district_list,shamal,Shamal,???,???,khost,
district_list,spera,Spera,?????,?????,khost,
district_list,tani,Tani,???,???,khost,
district_list,terezayi,Terezayi,??? ????,??? ????,khost,
district_list,asad_abad,Asad Abad,???? ????,???? ????,kunar,
district_list,bar_kunar,Bar Kunar,?????,?????,kunar,
district_list,chapa_dara,Chapa Dara,??? ???,??? ???,kunar,
district_list,chawkay,Chawkay,????,????,kunar,
district_list,dangam,Dangam,??????,??????,kunar,
district_list,dara_e_pech,Dara-e-Pech,??? ???,??? ???,kunar,
district_list,ghazi_abad,Ghazi Abad,???? ????,???? ????,kunar,
district_list,khas_kunar,Khas Kunar,??? ???,??? ???,kunar,
district_list,marawara,Marawara,?????,?????,kunar,
district_list,narang,Narang,????,????,kunar,
district_list,nari,Nari,????,????,kunar,
district_list,nurgal,Nurgal,?????,?????,kunar,
district_list,sar_kani,Sar Kani,??????,??????,kunar,
district_list,sheltan,Sheltan,??????? ????,??????? ????,kunar,
district_list,shigal,Shigal,????,????,kunar,
district_list,watapur,Watapur,???? ???,???? ???,kunar,
district_list,ali_abad,Ali Abad,??? ????,??? ????,kunduz,
district_list,aqtash,Aqtash,??????? ?????,??????? ?????,kunduz,
district_list,chahar_darah,Chahar Darah,???? ???,???? ???,kunduz,
district_list,dasht_e_archi,Dasht-e-Archi,??? ????,??? ????,kunduz,
district_list,gul_tepa,Gul Tepa,??????? ?? ????,??????? ?? ????,kunduz,
district_list,imam_sahib,Imam Sahib,???? ????,???? ????,kunduz,
district_list,kalbad,Kalbad,??????? ?????,??????? ?????,kunduz,
district_list,khan_abad,Khan Abad,??? ????,??? ????,kunduz,
district_list,kunduz,Kunduz,????,????,kunduz,
district_list,qala_e_zal,Qala-e-Zal,???? ???,???? ???,kunduz,
district_list,alingar,Alingar,???????,???????,laghman,
district_list,alishang,Alishang,??????,??????,laghman,
district_list,bad_pakh,Bad Pakh,??? ??,??? ??,laghman,
district_list,dawlatshah,Dawlatshah,???? ???,???? ???,laghman,
district_list,mehtarlam,Mehtarlam,???????,???????,laghman,
district_list,qarghayi,Qarghayi,???? ??,???? ??,laghman,
district_list,azra,Azra,????,????,logar,
district_list,baraki_barak,Baraki Barak,???? ???,???? ???,logar,
district_list,charkh,Charkh,???,???,logar,
district_list,kharwar,Kharwar,?????,?????,logar,
district_list,khoshi,Khoshi,????,????,logar,
district_list,mohammad_agha,Mohammad Agha,???????,???????,logar,
district_list,pul_e_alam,Pul-e-Alam,?? ???,?? ???,logar,
district_list,chak_e_wardak,Chak-e-Wardak,?? ????,?? ????,maidan_wardak,
district_list,daymirdad,Daymirdad,?????????,?????????,maidan_wardak,
district_list,hesa_e_awal_e_behsud,Hesa-e-Awal-e-Behsud,??? ??? ?????,??? ??? ?????,maidan_wardak,
district_list,jaghatu,Jaghatu,???? (????),???? (????),maidan_wardak,
district_list,jalrez,Jalrez,?????,?????,maidan_wardak,
district_list,markaz_e_behsud,Markaz-e-Behsud,???? ?????,???? ?????,maidan_wardak,
district_list,maydan_shahr,Maydan Shahr,????? ???,????? ???,maidan_wardak,
district_list,nerkh,Nerkh,???,???,maidan_wardak,
district_list,sayed_abad,Sayed Abad,??? ????,??? ????,maidan_wardak,
district_list,achin,Achin,????,????,nangarhar,
district_list,bati_kot,Bati Kot,??? ???,??? ???,nangarhar,
district_list,behsud,Behsud,?????,?????,nangarhar,
district_list,chaparhar,Chaparhar,??? ???,??? ???,nangarhar,
district_list,dara_e_nur,Dara-e-Nur,??? ???,??? ???,nangarhar,
district_list,deh_bala,Deh Bala,?? ????,?? ????,nangarhar,
district_list,dur_baba,Dur Baba,??? ????,??? ????,nangarhar,
district_list,goshta,Goshta,?????,?????,nangarhar,
district_list,hesarak,Hesarak,?????,?????,nangarhar,
district_list,jalalabad,Jalalabad,???? ????,???? ????,nangarhar,
district_list,kama,Kama,????,????,nangarhar,
district_list,khogyani,Khogyani,???????,???????,nangarhar,
district_list,kot,Kot,???,???,nangarhar,
district_list,kuz_kunar,Kuz Kunar,??? ???,??? ???,nangarhar,
district_list,lalpur,Lalpur,??? ???,??? ???,nangarhar,
district_list,muhmand_dara,Muhmand Dara,????? ???,????? ???,nangarhar,
district_list,nazyan,Nazyan,??????,??????,nangarhar,
district_list,pachir_wa_agam,Pachir Wa Agam,????????,????????,nangarhar,
district_list,rodat,Rodat,?????,?????,nangarhar,
district_list,sherzad,Sherzad,??????,??????,nangarhar,
district_list,shinwar,Shinwar,??????,??????,nangarhar,
district_list,surkh_rod,Surkh Rod,??? ???,??? ???,nangarhar,
district_list,chakhansur,Chakhansur,???????,???????,nimroz,
district_list,char_burjak,Char Burjak,???????,???????,nimroz,
district_list,dilaram,Dilaram,??????,??????,nimroz,
district_list,kang,Kang,???,???,nimroz,
district_list,kKhashrod,Khashrod,??? ???,??? ???,nimroz,
district_list,zaranj,Zaranj,????,????,nimroz,
district_list,barg_e_matal,Barg-e-Matal,??? ????,??? ????,nuristan,
district_list,duab,Duab,?? ??,?? ??,nuristan,
district_list,kamdesh,Kamdesh,??????,??????,nuristan,
district_list,mandol,Mandol,?????,?????,nuristan,
district_list,nurgaram,Nurgaram,???????,???????,nuristan,
district_list,parun,Parun,????,????,nuristan,
district_list,wama,Wama,????,????,nuristan,
district_list,waygal,Waygal,?????,?????,nuristan,
district_list,barmal,Barmal,????,????,paktika,
district_list,dila,Dila,????,????,paktika,
district_list,giyan,Giyan,????,????,paktika,
district_list,gomal,Gomal,????,????,paktika,
district_list,jani_khel,Jani Khel,???? ???,???? ???,paktika,
district_list,mata_khan,Mata Khan,??????,??????,paktika,
district_list,nika,Nika,????,????,paktika,
district_list,omna,Omna,?????,?????,paktika,
district_list,sar_rawzah,Sar Rawzah,??????,??????,paktika,
district_list,sharan,Sharan,???,???,paktika,
district_list,surobi_paktika,Surobi (Paktika),?????  (??????),?????  (??????),paktika,
district_list,turwo,Turwo,????,????,paktika,
district_list,urgun,Urgun,?????,?????,paktika,
district_list,wazakhah,Wazakhah,???? ????,???? ????,paktika,
district_list,wormamay,Wormamay,?? ???,?? ???,paktika,
district_list,yahya_khel,Yahya Khel,??? ???,??? ???,paktika,
district_list,yosuf_khel,Yosuf Khel,???? ???,???? ???,paktika,
district_list,zarghun_shahr,Zarghun Shahr,????? ???,????? ???,paktika,
district_list,ziruk,Ziruk,?????,?????,paktika,
district_list,ahmadaba,Ahmadaba,???? ???,???? ???,paktya,
district_list,dand_wa_patan,Dand Wa Patan,??? ?????,??? ?????,paktya,
district_list,gardez,Gardez,?????,?????,paktya,
district_list,jaji,Jaji,??? ???,??? ???,paktya,
district_list,jani_khel_paktya,Jani Khel (Paktya),???? ??? (?????),???? ??? (?????),paktya,
district_list,laja_mangel,Laja Mangel,??? ????,??? ????,paktya,
district_list,lija_ahmad_khel,Lija Ahmad Khel,??? ???? ???,??? ???? ???,paktya,
district_list,mirzaka,Mirzaka,??? ???,??? ???,paktya,
district_list,samkani,Samkani,?????,?????,paktya,
district_list,sayed_karam,Sayed Karam,??????,??????,paktya,
district_list,shawak,Shawak,????,????,paktya,
district_list,zadran,Zadran,??????,??????,paktya,
district_list,zurmat,Zurmat,?????,?????,paktya,
district_list,ab_shar,Ab Shar,?????,?????,panjsher,
district_list,anawa,Anawa,?????,?????,panjsher,
district_list,bazarak,Bazarak,??????,??????,panjsher,
district_list,dara,Dara,???,???,panjsher,
district_list,khenj,Khenj,???,???,panjsher,
district_list,paryan,Paryan,?????,?????,panjsher,
district_list,rukha,Rukha,???,???,panjsher,
district_list,shutul,Shutul,???,???,panjsher,
district_list,bagram,Bagram,?????,?????,parwan,
district_list,charikar,Charikar,???????,???????,parwan,
district_list,ghorband,Ghorband,??????,??????,parwan,
district_list,jabal_saraj,Jabal Saraj,??? ??????,??? ??????,parwan,
district_list,koh_e_safi,Koh-e-Safi,??? ????,??? ????,parwan,
district_list,salang,Salang,?????,?????,parwan,
district_list,sayed_khel,Sayed Khel,??????,??????,parwan,
district_list,shekh_ali,Shekh Ali,??? ???,??? ???,parwan,
district_list,shinwari,Shinwari,???????,???????,parwan,
district_list,surkh_e_parsa,Surkh-e-Parsa,??? ?????,??? ?????,parwan,
district_list,aybak,Aybak,????,????,samangan,
district_list,dara_e_suf_e_bala,Dara-e-Suf-e-Bala,??? ??? ????,??? ??? ????,samangan,
district_list,dara_e_suf_e_payin,Dara-e-Suf-e-Payin,??? ??? ?????,??? ??? ?????,samangan,
district_list,feroz_nakhchir,Feroz Nakhchir,????? ?????,????? ?????,samangan,
district_list,hazrat_e_sultan,Hazrat-e-Sultan,???? ?????,???? ?????,samangan,
district_list,khuram_wa_sarbagh,Khuram Wa Sarbagh,??? ???????,??? ???????,samangan,
district_list,ruy_e_duab,Ruy-e-Duab,??? ?? ??,??? ?? ??,samangan,
district_list,balkhab,Balkhab,?????,?????,sar_e_pul,
district_list,gosfandi,Gosfandi,???????,???????,sar_e_pul,
district_list,kohestanat,Kohestanat,?????????,?????????,sar_e_pul,
district_list,sancharak,Sancharak,???????,???????,sar_e_pul,
district_list,sar_e_pul,Sar-e-Pul,?? ??,?? ??,sar_e_pul,
district_list,sayad,Sayad,????,????,sar_e_pul,
district_list,sozmaqala,Sozmaqala,????? ????,????? ????,sar_e_pul,
district_list,baharak,Baharak,????? ,????? ,takhar,
district_list,bangi,Bangi,????,????,takhar,
district_list,chahab,Chahab,??? ??,??? ??,takhar,
district_list,chal,Chal,???,???,takhar,
district_list,darqad,Darqad,????,????,takhar,
district_list,dasht_e_qala,Dasht-e-Qala,??? ????,??? ????,takhar,
district_list,eshkmesh,Eshkmesh,?????,?????,takhar,
district_list,farkhar,Farkhar,?????,?????,takhar,
district_list,hazar_sumuch,Hazar Sumuch,???? ????,???? ????,takhar,
district_list,kalafgan,Kalafgan,??????,??????,takhar,
district_list,khwaja_bahawuddin,Khwaja Bahawuddin,????? ?????????,????? ?????????,takhar,
district_list,khwaja_ghar,Khwaja Ghar,????? ???,????? ???,takhar,
district_list,namak_ab,Namak Ab,??? ??,??? ??,takhar,
district_list,rostaq,Rostaq,?????,?????,takhar,
district_list,taloqan,Taloqan,??????,??????,takhar,
district_list,warsaj,Warsaj,????,????,takhar,
district_list,yangi_qala,Yangi Qala,???? ????,???? ????,takhar,
district_list,chinarto,Chinarto,??????,??????,uruzgan,
district_list,chora,Chora,????,????,uruzgan,
district_list,dehrawud,Dehrawud,??????,??????,uruzgan,
district_list,gizab,Gizab,?????,?????,uruzgan,
district_list,khas_uruzgan,Khas Uruzgan,??? ??????,??? ??????,uruzgan,
district_list,shahid_e_hassas,Shahid-e-Hassas,???? ????,???? ????,uruzgan,
district_list,tirinkot,Tirinkot,???????,???????,uruzgan,
district_list,arghandab_zabul,Arghandab (Zabul),??????? (????),??????? (????),zabul,
district_list,atghar,Atghar,????,????,zabul,
district_list,daychopan,Daychopan,??? ?????,??? ?????,zabul,
district_list,kakar,Kakar,????,????,zabul,
district_list,mizan,Mizan,?????,?????,zabul,
district_list,nawbahar,Nawbahar,??????,??????,zabul,
district_list,qalat,Qalat,????,????,zabul,
district_list,shah_joi,Shah Joi,??? ???,??? ???,zabul,
district_list,shamul_zayi,Shamul Zayi,???????,???????,zabul,
district_list,shinkay,Shinkay,?????,?????,zabul,
district_list,tarnak_wa_jaldak,Tarnak Wa Jaldak,???? ? ????,???? ? ????,zabul,
,,,,,,
location_fs,rural,rural,,,,
location_fs,suburb,suburb,,,,
location_fs,urban,urban,,,,
ki_gender_age,male_30_39,male_30_39,,,,
ki_gender_age,male_18_29,male_18_29,,,,
ki_gender_age,male_50_59,male_50_59,,,,
ki_gender_age,male_40_49,male_40_49,,,,
ki_gender_age,male_60_69,male_60_69,,,,
ki_gender_age,male_70_79,male_70_79,,,,
ki_gender_age,female_40_49,female_40_49,,,,
ki_gender_age,male_80_over,male_80_over,,,,
ki_gender_age,female_30_39,female_30_39,,,,
ki_gender_age,female_50_59,female_50_59,,,,
ki_gender_age,female_18_29,female_18_29,,,,
region,capital,capital,,,,
region,east,east,,,,
region,north,north,,,,
region,north_east,north_east,,,,
region,south,south,,,,
region,south_east,south_east,,,,
region,west,west,,,,
tenure_sec_insec,secure_tenure,Secure tenure,,,,
tenure_sec_insec,insecure_tenure,Insecure tenure,,,,
access_toservice,service_access,Service access,,,,
access_toservice,service_inaccess,Service inaccess,,,,
shelter_condition,inadequate_shelter,Inadequate shelter,,,,
shelter_condition,adequate_shelter,Adequate shelter,,,,
over_less_5years,over_5years,Over 5 years,,,,
over_less_5years,less_5years,Less 5 years,,,,
mixed_sep_popn,mixed_popn,Mixed population,,,,
mixed_sep_popn,seperate_popn,Seperate population,,,,
return_status,recent_return,Recent return,,,,
return_status,no_recent_return,No recent return,,,,
location_type,urban_location,Urban location,,,,
location_type,suburb_location,Suburb location,,,,
location_type,rural_location,Rural location,,,,
site_type,small_site,Small site,,,,
site_type,large_site,Large site,,,,
water_distance_fs,yes,Yes,,,,
water_distance_fs,no,No,,,,
water_distance_fs,NC,NC,,,,
health_distance_fs,yes,Yes,,,,
health_distance_fs,no,No,,,,
health_distance_fs,NC,NC,,,,
tenure_insecure,yes,Yes,,,,
tenure_insecure,no,No,,,,
tenure_insecure,NC,NC,,,,
access_school,yes,Yes,,,,
access_school,no,No,,,,
access_school,NC,NC,,,,
vulnerability_classification,lower_risk,Lower risk of secondary impacts (vulnerability and needs) due to covid-19,,,,
vulnerability_classification,moderate_risk,Moderate risk of secondary impacts (vulnerability and needs) due to covid-19,,,,
vulnerability_classification,moderate_high_risk,Moderate-high risk of secondary impacts (vulnerability and needs) due to covid-19,,,,
vulnerability_classification,higher_risk,Higher risk of secondary impacts (vulnerability and needs) due to covid-19,,,,
